A,I,I,D,Y,I,A,Y,M
T,Q,F,A,G,V,V,T,V
T,L,A,Q,S,L,I,D,V
T,L,F,D,W,G,F,A,L
T,L,K,D,G,D,F,I,L
T,L,L,M,N,E,L,G,V
T,L,Q,D,I,V,L,H,L
T,L,W,V,D,P,Y,E,V
T,M,G,P,H,P,A,G,V
V,I,L,N,Y,I,P,V,L
S,M,V,K,L,P,I,F,L
V,L,A,G,I,F,A,G,V
V,L,A,G,W,L,F,H,V
V,L,A,P,Y,M,P,D,V
V,L,L,D,S,I,T,R,L
V,L,M,G,G,V,P,G,V
V,L,T,D,W,A,A,P,V
V,L,W,K,S,Y,P,L,V
S,V,F,S,R,P,L,P,L
S,M,L,S,Y,G,N,V,L
V,V,P,S,Y,I,P,L,V
R,T,D,A,W,S,Y,P,V
M,Q,D,V,F,T,F,Y,V
N,L,F,D,W,M,H,F,L
N,M,V,A,D,L,W,H,A
Q,M,D,G,A,I,L,V,V
Q,M,I,S,P,V,M,S,V
R,I,F,P,A,T,H,Y,V
R,Q,L,L,W,R,Y,Q,I
R,V,M,V,S,P,L,A,V
S,M,F,Y,G,I,F,P,S
S,L,F,G,A,A,V,S,L
S,L,F,G,G,M,S,W,I
S,L,F,S,L,L,P,G,V
S,L,I,D,L,L,H,K,I
S,L,Q,E,C,V,K,M,A
S,L,T,E,C,P,T,F,L
S,L,Y,S,G,F,P,S,L
V,M,A,T,L,L,P,P,V
W,L,A,K,S,F,F,E,L
M,A,M,T,G,L,P,Q,A
Y,L,T,S,F,V,V,P,I
Y,L,L,A,D,T,F,T,V
Y,L,M,A,W,K,Q,V,L
Y,L,M,P,Y,S,V,Y,I
Y,L,N,D,F,A,Q,L,L
Y,L,P,D,P,T,V,G,V
Y,L,Q,Y,S,I,S,T,A
Y,L,S,S,W,T,P,V,V
Y,L,Y,D,E,T,Q,D,V
Y,L,I,N,G,R,I,P,V
Y,L,Y,P,W,S,L,G,L
Y,M,L,D,M,T,F,P,V
Y,M,Y,Q,Y,I,Q,E,L
Y,Q,I,E,G,A,W,R,A
Y,Q,L,E,M,Y,H,P,I
Y,Q,T,Y,V,S,P,G,A
Y,V,D,I,Y,A,A,S,V
Y,L,I,P,A,V,T,S,L
Y,L,I,G,G,S,A,T,L
W,L,G,D,G,N,F,L,L
Y,A,A,P,Q,L,F,P,V
W,L,G,H,P,F,T,P,V
W,L,M,K,Y,P,Y,Q,L
W,L,S,Q,T,T,L,S,V
W,L,Y,P,G,A,Q,N,L
W,M,I,H,T,L,E,A,L
W,M,M,A,M,R,Y,P,I
W,M,Y,E,G,K,H,V,L
Y,F,L,E,S,N,F,F,I
Y,L,G,T,A,L,M,G,A
Y,I,I,T,C,C,L,F,A
Y,I,L,G,F,A,I,P,I
Y,I,Y,T,R,S,F,Q,M
Y,L,A,G,W,G,F,V,V
Y,L,D,A,I,Q,Q,P,V
Y,L,D,P,A,T,M,M,A
Y,L,D,Y,D,T,I,Y,V
M,M,L,S,P,L,V,A,L
R,L,H,D,A,W,W,T,L
L,M,W,D,N,V,G,L,V
F,M,P,K,V,N,F,E,V
F,L,S,F,A,S,L,F,L
F,L,T,Q,D,L,P,L,L
F,L,W,D,E,A,W,Y,A
F,L,W,W,N,A,A,P,A
F,M,F,D,Y,I,P,P,V
F,M,F,N,D,L,L,K,L
F,M,F,N,E,L,L,A,L
F,M,S,M,V,S,H,E,L
F,L,P,D,K,A,I,D,L
F,M,Y,E,G,D,T,P,L
L,M,D,E,N,T,Y,A,M
F,Q,W,W,R,S,H,P,L
F,V,F,A,P,T,H,G,L
F,V,V,D,T,T,P,P,L
G,A,W,C,Y,D,Y,T,V
G,I,A,L,A,V,P,C,V
F,L,S,D,Y,G,P,Q,L
F,L,M,G,F,N,R,D,V
G,L,A,D,Q,L,I,H,L
A,M,F,I,G,H,A,T,A
A,I,Y,D,T,M,Q,Y,V
A,L,D,E,G,L,L,P,V
A,L,F,P,I,I,W,A,L
A,L,L,D,L,G,W,T,I
A,L,L,T,G,S,Y,T,I
A,L,M,D,Y,G,F,R,V
A,L,M,P,Y,M,P,P,A
A,M,W,D,W,S,K,S,V
F,L,H,G,G,D,F,G,V
A,Q,I,G,I,F,A,P,V
C,L,M,T,Y,S,H,H,A
F,I,I,D,N,F,G,S,V
F,I,Y,G,Y,L,E,P,V
F,L,A,D,Y,G,W,R,L
F,L,A,G,G,P,H,A,V
F,L,D,K,G,T,Y,T,L
G,I,Y,G,A,V,I,P,L
F,Q,W,H,E,A,M,F,L
G,L,A,E,L,L,A,A,L
K,M,V,E,I,P,F,N,V
I,M,S,S,F,E,F,Q,V
K,I,D,Y,Y,I,P,Y,V
K,L,D,S,G,A,F,T,V
K,L,L,P,E,G,Y,W,V
K,L,M,D,V,V,Y,S,I
K,L,Y,E,G,D,L,R,V
G,L,F,G,G,L,N,W,I
K,Q,L,E,L,F,W,V,I
I,L,W,D,Y,F,S,L,V
K,Q,L,E,W,K,W,G,I
L,L,A,M,T,F,W,P,A
L,L,D,S,G,T,T,S,I
L,L,F,D,S,N,E,P,I
L,L,H,E,V,G,I,T,V
L,L,M,E,G,L,K,L,L
L,L,Y,D,G,S,F,A,V
I,M,L,K,A,N,F,S,V
K,M,F,T,Y,L,M,E,S
I,L,T,L,A,N,W,C,L
H,L,D,E,L,T,T,T,L
I,L,S,D,E,N,Y,L,L
G,L,I,P,Q,W,V,T,L
G,L,Y,S,L,P,H,D,L
G,M,I,P,F,F,D,F,A
G,M,M,R,W,C,M,P,V
G,M,S,W,I,T,Q,G,L
H,L,D,D,V,G,F,L,V
G,L,F,P,F,H,F,T,L
H,L,L,C,Q,A,F,S,V
H,M,I,D,K,L,F,Y,V
I,L,D,S,F,D,P,L,V
I,L,F,D,R,L,P,I,A
I,L,I,D,T,S,A,W,V
I,L,L,W,E,I,P,D,V
I,L,N,D,E,Q,L,N,L
F,V,F,D,R,P,L,P,V
T,L,L,C,V,L,P,A,V
G,L,Y,P,L,A,I,P,V
S,M,D,T,L,L,F,F,L
N,L,A,E,D,I,M,R,L
K,T,S,T,L,I,F,F,V
L,L,S,Q,Y,L,S,R,V
Y,M,D,L,S,Y,H,G,V
Y,L,L,G,L,S,A,I,M
S,V,V,I,Y,D,F,L,V
F,L,L,N,K,E,M,Y,L
M,L,W,M,A,D,V,P,L
L,T,L,D,E,Q,I,F,V
N,L,F,T,F,L,H,E,I
F,T,L,P,V,L,T,F,V
F,L,Y,G,G,L,L,L,A
F,M,V,S,S,I,D,E,L
F,L,W,E,V,T,P,T,V
F,L,T,S,L,L,I,L,V
F,V,D,Y,N,F,S,L,V
Y,M,N,Y,Y,T,T,Y,I
F,L,N,A,W,I,P,P,V
Q,L,V,D,F,L,C,G,L
L,L,A,E,N,L,P,G,L
T,L,L,C,L,I,P,T,V
M,M,N,E,R,D,V,S,V
R,Q,L,L,F,V,V,E,V
L,T,A,A,V,L,M,L,V
Y,L,P,K,Q,P,E,G,V
Q,L,W,A,T,L,L,S,L
K,L,F,T,H,D,I,M,L
F,L,S,H,Y,F,T,L,V
I,L,M,H,A,T,Y,F,L
G,L,L,E,W,I,F,R,A
W,L,T,S,I,L,L,S,L
F,L,I,R,Q,L,I,R,L
L,V,L,S,V,N,P,Y,V
S,M,W,S,F,N,P,E,T
C,L,M,M,I,L,P,A,A
K,L,Q,A,A,P,Y,I,V
Y,L,F,R,I,V,S,T,V
T,L,Y,A,V,A,T,T,V
F,L,I,V,S,L,C,P,T
R,V,Y,E,A,L,Y,Y,V
L,L,A,Q,F,Q,H,T,V
K,L,L,K,M,V,T,S,V
V,I,D,E,I,L,F,K,V
Y,L,L,D,D,V,L,Y,T
F,L,P,D,T,R,F,F,V
Y,L,A,E,G,L,A,S,L
K,L,F,P,R,L,P,G,I
F,M,Y,I,E,S,I,K,V
Y,L,D,G,Q,L,A,R,L
I,L,D,A,H,S,L,Y,L
F,L,Y,N,V,Y,P,G,A
I,L,T,L,D,I,F,Y,L
I,L,M,T,H,F,F,S,I
G,L,I,H,A,C,M,L,V
Y,L,Y,Q,P,C,D,L,L
A,L,T,N,A,Q,F,F,V
L,M,Y,D,I,I,N,S,V
L,I,L,S,L,T,C,S,V
F,V,F,S,T,S,F,Y,L
L,V,I,G,F,L,F,L,A
F,Q,P,C,F,Y,I,E,L
K,V,G,S,D,V,F,A,V
K,L,T,D,W,D,F,V,V
F,L,A,T,C,V,N,G,V
F,A,A,A,F,F,P,A,V
M,L,L,H,V,G,I,P,L
T,M,L,S,I,I,L,V,I
N,L,L,T,T,P,K,F,T
M,L,N,P,F,I,Y,S,L
G,L,F,D,F,V,N,F,V
R,A,M,R,M,V,Y,Y,L
R,M,M,G,V,K,Y,L,M
Y,L,P,E,V,I,S,T,I
Y,L,N,A,W,I,P,P,V
Q,L,F,N,H,T,M,F,I
S,L,L,M,W,I,T,Q,V
V,L,W,S,L,L,W,L,G
I,L,Q,R,L,S,A,T,L
I,L,D,D,N,L,Y,K,V
Q,L,W,T,A,L,I,S,L
Y,L,F,N,A,I,E,T,M
F,L,A,R,S,A,L,I,L
S,L,F,L,H,L,V,G,I
F,I,A,G,L,I,A,I,V
F,T,L,N,H,V,L,A,L
G,L,I,S,F,Y,N,F,L
Y,L,Y,F,C,S,S,D,V
L,L,F,N,S,L,Y,P,A
F,T,S,D,Y,P,F,Y,V
L,M,I,E,Y,N,L,L,T
Y,L,Q,Q,N,W,W,T,L
K,L,S,Y,G,I,A,T,V
N,L,A,T,S,I,Y,T,I
S,L,S,H,Y,F,T,L,V
F,L,P,D,T,R,F,Y,V
A,L,A,V,F,Q,P,A,V
Q,L,A,G,Y,I,L,T,V
V,L,N,P,Y,M,P,T,V
I,M,A,V,G,I,V,S,I
L,L,W,T,L,V,V,L,L
L,L,M,P,I,L,T,L,T
M,L,L,T,F,L,T,S,L
G,L,N,D,Y,L,H,S,V
L,L,V,E,V,L,R,E,I
S,L,S,S,Q,L,S,N,L
F,L,Y,D,I,S,I,S,L
V,L,L,P,V,L,F,G,V
Y,L,K,E,Y,I,P,K,A
K,L,N,V,G,D,Y,F,V
I,L,W,Q,V,P,F,S,V
T,L,I,Y,S,S,P,L,L
L,L,L,P,I,A,P,E,L
F,L,A,S,L,V,V,L,A
K,T,W,F,L,V,P,L,I
G,L,V,R,L,N,A,F,L
S,V,M,N,F,I,P,I,I
A,L,L,A,D,K,F,P,V
F,L,Y,A,L,A,L,L,L
A,Q,M,V,W,I,H,G,V
S,L,T,D,R,E,L,L,L
K,L,L,P,Q,L,P,G,V
K,L,N,D,W,D,F,V,V
L,V,I,S,G,L,F,P,V
T,L,L,E,L,V,V,S,V
A,L,M,R,R,I,A,V,V
V,L,S,D,F,R,T,W,L
L,L,D,K,Q,Q,F,E,L
I,L,S,C,I,F,A,F,I
Y,T,F,T,S,L,F,S,L
Y,Q,L,G,D,Y,F,F,V
V,L,I,R,R,C,H,Y,L
K,L,P,R,W,I,F,F,A
F,M,V,A,W,G,K,E,A
R,M,I,L,Y,L,E,S,V
L,L,M,L,C,L,H,H,A
F,I,A,L,W,I,P,D,L
G,L,Y,G,N,G,I,L,V
V,L,M,T,H,F,F,S,V
I,L,S,P,F,L,P,L,L
Y,I,D,A,Y,V,S,R,L
