K,V,N,P,E,I,D,T,T
P,L,G,V,I,H,N,S,T
G,V,I,H,N,S,T,L,Q
F,V,T,L,D,G,Q,Q,F
N,A,G,Q,F,L,S,F,A
W,A,M,E,K,S,S,K,Y
G,T,G,V,G,K,T,S,Q
A,I,I,T,P,I,V,F,Y
V,T,N,S,T,L,E,V,T
N,Q,N,A,L,V,C,G,L
L,M,N,F,H,Q,K,K,N
G,G,F,S,T,L,D,K,I
N,L,H,Y,W,T,T,Q,D
L,Q,L,F,L,R,A,T,T
G,G,I,L,P,W,T,K,I
K,C,I,E,Y,V,T,L,N
D,G,I,R,G,F,P,R,C
P,I,D,S,H,K,G,Y,V
L,V,I,N,R,L,G,A,D
T,F,A,L,K,K,L,I,I
I,I,T,P,I,V,F,Y,R
G,T,L,E,F,T,P,I,D
G,E,Y,A,P,F,A,R,L
I,D,F,L,L,Q,R,W,G
L,S,V,E,T,I,T,E,K
A,G,V,A,G,L,I,T,G
V,A,T,A,H,G,S,T,L
N,L,E,D,L,I,E,W,A
I,S,G,Q,S,P,A,R,T
E,Y,K,T,L,C,D,M,I
S,L,T,E,S,D,M,D,Y
V,S,S,G,K,N,I,K,R
I,L,G,S,L,G,L,R,K
L,E,E,L,L,P,A,V,S
M,N,H,K,N,K,F,M,A
E,T,F,L,Q,S,P,P,I
T,L,N,A,S,Q,Y,A,N
I,I,G,T,N,G,N,H,M
N,V,E,Y,R,F,L,V,I
L,M,R,T,N,F,L,I,K
V,M,A,T,E,E,P,T,T
T,V,L,D,H,I,L,Q,K
S,E,E,L,S,F,T,V,V
Y,Q,A,T,G,F,G,T,N
A,K,A,I,I,T,P,I,V
A,S,E,N,S,S,A,M,V
L,I,G,I,E,I,L,N,T
I,D,N,N,T,F,V,R,L
K,F,L,L,I,H,Q,G,M
H,S,L,S,V,E,T,I,T
G,V,A,T,A,H,G,S,T
I,G,E,W,A,F,W,E,T
L,S,S,Q,M,T,S,T,F
I,R,W,L,G,G,I,L,P
L,T,T,P,E,N,I,T,T
V,A,T,D,V,P,S,A,T
Y,K,L,D,I,S,E,A,T
R,S,L,E,T,D,L,R,S
G,A,F,F,L,Y,D,R,L
V,K,Y,L,E,G,H,G,F
F,A,L,K,K,L,I,I,D
A,I,D,F,L,L,Q,R,W
A,P,F,A,R,L,L,N,L
M,N,A,P,D,D,L,V,L
R,S,Q,G,P,F,D,A,V
L,R,F,A,N,P,L,S,N
A,V,S,S,G,K,N,I,K
R,T,N,F,L,I,K,F,L
A,L,K,K,L,I,I,D,R
M,L,E,G,E,T,K,L,Y
P,V,V,L,T,G,G,T,G
L,L,N,L,S,G,V,N,N
F,R,S,G,V,P,P,K,V
S,S,L,P,P,L,E,S,D
N,L,S,P,E,T,L,V,G
T,P,V,Y,K,L,D,I,S
P,T,V,A,P,P,A,P,V
S,V,I,E,E,W,K,K,S
M,H,M,V,A,G,H,D,A
L,S,L,L,Q,L,P,R,D
I,T,C,K,A,F,G,L,Y
E,R,L,A,K,L,T,E,A
S,T,S,N,G,L,I,T,S
I,T,G,G,R,R,T,R,R
F,P,Q,L,S,A,I,A,L
A,W,Q,S,V,G,H,M,M
G,I,Y,I,E,G,L,M,H
T,N,F,L,I,K,F,L,L
T,I,S,T,S,P,Q,S,L
E,W,A,F,W,E,N,K,K
T,Q,E,T,I,T,E,T,A
I,P,L,G,V,I,H,N,S
L,V,C,K,D,H,L,A,S
V,N,P,G,T,Y,V,Y,F
R,L,A,S,T,V,I,Y,R
K,Q,L,Q,Q,Y,A,E,S
R,P,V,I,L,S,L,P,R
A,E,N,T,N,T,S,K,S
I,L,T,A,G,L,S,V,Q
N,L,H,Y,W,T,A,Q,E
S,N,R,T,P,T,V,A,P
M,D,S,R,P,Q,K,I,W
L,P,R,I,A,L,V,R,L
E,L,L,P,A,V,S,S,G
R,L,E,E,E,I,N,N,Q
I,D,Q,I,I,H,D,F,V
L,H,S,L,S,V,E,T,I
K,L,S,S,T,N,Q,L,R
K,L,S,Y,R,N,K,P,S
V,Q,L,E,S,R,F,T,P
G,V,P,P,K,V,V,N,Y
S,T,S,P,Q,S,L,T,T
L,V,S,K,F,M,S,N,G
A,T,T,E,L,R,T,F,S
F,A,F,H,K,E,G,A,F
H,T,S,G,P,S,V,M,A
I,A,G,V,A,G,L,I,T
T,T,L,P,S,Q,N,S,T
L,A,S,L,T,P,K,A,Q
Y,K,L,F,L,E,S,G,A
V,V,S,N,G,A,K,N,I
S,T,E,G,R,R,V,G,V
L,F,E,V,D,N,L,T,Y
I,Q,A,F,E,A,G,V,D
T,L,A,G,V,N,V,G,E
L,F,D,L,D,E,D,D,E
W,A,F,W,E,T,K,K,N
Y,T,E,N,T,S,S,Y,Y
L,A,R,T,A,K,V,K,N
R,T,F,S,I,L,N,R,K
S,L,E,E,E,Y,P,P,W
K,V,Q,R,Q,I,Q,V,H
L,F,L,R,A,T,T,E,L
P,W,L,T,E,K,E,A,M
T,T,Q,D,E,G,A,A,I
E,L,S,F,T,V,V,S,N
E,Q,Y,Q,Q,L,R,E,A
A,S,T,V,I,Y,R,G,T
L,E,S,G,A,V,K,Y,L
I,A,L,G,V,A,T,A,H
H,H,Q,D,T,G,E,E,S
K,L,I,W,K,V,N,P,E
N,N,L,E,E,I,C,Q,L
V,T,L,D,G,Q,Q,F,Y
R,Y,Q,A,T,G,F,G,T
Y,T,I,L,N,R,K,A,I
N,L,S,G,V,N,N,L,E
K,N,I,S,G,Q,S,P,A
Q,Q,G,I,V,R,Q,R,V
G,K,L,G,L,I,T,N,T
L,V,G,V,V,V,S,T,N
S,G,Q,S,P,A,R,T,S
F,S,I,L,N,R,K,A,I
Y,V,H,K,A,Q,G,T,G
E,V,N,S,F,K,A,A,L
D,S,L,S,S,Q,M,T,S
S,D,M,D,Y,H,K,I,L
S,A,I,A,L,G,V,A,T
A,F,W,E,T,K,K,N,L
T,I,G,E,W,A,F,W,E
A,F,G,L,Y,K,S,I,N
A,I,G,L,A,W,I,P,Y
I,L,P,W,T,K,I,S,E
L,R,T,F,S,I,L,N,R
K,D,F,F,S,S,H,P,L
T,S,S,D,P,G,T,N,T
Q,V,E,Q,H,H,R,R,T
N,N,N,T,H,H,Q,D,T
H,K,I,M,A,S,E,N,S
H,S,Q,G,R,E,A,A,V
S,T,H,K,L,S,L,T,K
Q,I,I,H,D,F,V,D,K
P,T,A,W,Q,S,V,G,H
Y,T,Y,P,D,S,L,E,E
P,T,L,T,T,P,E,N,I
D,M,D,Y,H,K,I,L,T
E,N,S,S,A,M,V,Q,V
L,G,V,A,T,A,H,G,S
G,V,I,A,F,L,I,L,A
L,L,D,D,E,A,G,P,L
A,A,I,G,L,A,W,I,P
A,I,T,A,A,S,L,P,K
F,S,Y,G,T,L,I,I,D
Q,G,D,N,D,N,W,W,T
V,N,N,L,E,E,I,C,Q
F,L,I,K,F,L,L,I,H
C,I,N,G,V,C,R,T,V
L,T,A,G,L,S,V,Q,Q
L,G,S,L,G,L,R,K,R
N,L,E,H,G,L,F,P,Q
P,F,A,R,L,L,N,L,S
F,D,A,V,L,Y,Y,H,M
A,V,L,Y,Y,H,M,M,K
I,K,K,P,D,G,S,E,C
N,V,L,D,E,K,Y,N,T
D,H,L,G,L,D,D,Q,E
Q,D,Q,D,H,T,Q,E,A
V,T,E,I,D,Q,L,V,C
S,T,H,N,T,P,V,Y,K
L,S,F,T,V,V,S,N,G
L,L,W,F,N,Y,L,F,G
L,V,R,H,A,C,R,D,C
V,R,L,H,P,L,A,R,T
T,E,A,E,K,Q,L,Q,Q
A,M,P,E,E,E,T,T,E
V,I,P,V,Y,Q,V,N,N
W,V,I,I,L,F,Q,K,A
R,T,L,A,A,M,P,E,E
Y,T,S,G,K,R,S,N,T
A,T,T,A,A,G,P,P,K
S,A,S,S,G,K,L,G,L
V,N,P,E,I,D,T,T,I
S,F,K,A,A,L,S,S,L
V,T,L,R,K,E,R,L,A
L,Q,R,W,G,G,T,C,H
F,S,G,L,L,I,V,K,T
S,F,T,V,V,S,N,G,A
V,K,R,L,E,E,L,L,P
I,H,H,A,S,A,P,L,T
H,A,E,Q,G,L,I,Q,Y
A,T,E,D,P,S,S,G,Y
R,E,P,V,N,A,T,E,D
V,V,F,S,T,S,D,G,K
D,K,I,D,Q,I,I,H,D
A,T,G,F,G,T,N,E,T
T,E,L,R,T,F,S,I,L
Q,G,I,V,R,Q,R,V,I
L,P,W,T,K,I,S,E,T
L,I,E,W,A,M,E,K,S
M,K,D,E,P,V,V,F,S
P,Q,L,S,A,I,A,L,G
D,T,G,E,E,S,A,S,S
D,L,V,L,F,D,L,D,E
S,T,F,I,M,L,E,G,E
N,C,S,S,I,S,I,K,L
L,E,K,V,Q,R,Q,I,Q
D,N,S,T,H,N,T,P,V
N,I,K,R,T,L,A,A,M
A,R,F,S,G,L,L,I,V
R,P,I,Q,N,V,P,G,P
P,G,P,D,N,S,T,H,N
Q,A,F,E,A,G,V,D,F
N,T,S,K,S,T,D,F,L
T,S,F,F,L,W,V,I,I
E,G,A,F,F,L,Y,D,R
G,T,G,P,C,A,G,D,F
E,L,D,H,L,G,L,D,D
N,K,F,M,A,I,L,Q,H
H,I,L,R,S,Q,G,P,F
G,A,V,K,Y,L,E,G,H
V,I,I,L,F,Q,K,A,F
R,N,L,N,V,T,T,Q,S
P,L,E,E,E,L,P,R,L
R,F,E,V,K,K,R,D,G
K,I,K,D,V,S,Y,N,D
L,P,A,V,S,S,G,K,N
T,G,I,L,Q,L,P,R,D
G,R,L,I,W,T,L,D,A
S,S,A,M,V,Q,V,H,S
T,P,M,M,I,Q,T,R,A
S,A,M,V,Q,V,H,S,Q
S,A,D,S,F,L,L,M,L
A,S,D,T,P,S,A,T,T
N,F,L,I,K,F,L,L,I
S,R,P,Q,K,I,W,M,A
R,T,I,H,H,A,S,A,P
I,K,H,V,G,L,I,T,C
L,R,R,W,G,G,T,C,R
V,A,G,L,I,T,G,G,R
N,I,G,N,T,K,S,N,I
M,R,T,N,F,L,I,K,F
K,R,L,E,E,L,L,P,A
T,S,P,R,M,L,T,P,I
V,S,H,L,T,T,L,A,T
C,S,S,I,S,I,K,L,T
T,H,N,T,P,V,Y,K,L
T,P,Q,F,L,L,Q,L,N
R,M,L,T,P,I,N,E,E
T,N,L,E,Y,K,T,L,C
H,K,N,K,F,M,A,I,L
T,V,I,Y,R,G,V,N,F
R,S,N,T,T,G,K,L,I
V,I,I,L,F,Q,R,T,F
S,S,F,F,V,W,V,I,I
L,R,Y,L,L,F,G,I,K
L,R,K,E,R,L,A,K,L
T,N,A,M,V,T,L,R,K
A,M,E,K,S,S,K,Y,Y
V,G,L,I,T,C,K,A,F
T,R,A,A,D,E,P,P,L
L,N,A,S,Q,Y,A,N,C
V,V,A,F,L,I,L,P,Q
M,E,K,S,S,K,Y,Y,I
D,D,Q,E,K,K,I,L,M
K,S,R,N,T,T,P,M,M
I,R,S,E,E,L,S,F,T
P,R,C,R,Y,V,H,K,V
K,E,G,A,F,F,L,Y,D
K,T,L,C,D,M,I,K,G
R,R,T,R,R,E,A,I,V
M,M,V,I,F,R,L,M,R
G,K,R,S,N,T,T,G,K
